SellerID,FeedbackScore
guangdongcleamol,0
the_thingamajigs_store,0
anaseld0,0
thepdxseller,0
salesexpress2,0
lia_9580,0
ja643694,0
josolisg0,0
blivenowsystems,0
ai4466,0
agui7874,0
brada3827,0
snkrbe_7,0
thrillsnthrifts,0
web_1682,0
pokeroom007,0
labreshminnifiel0,0
mar-110846,0
arch_jp,0
alv-9540,0
laug-1861,0
ctrlaltrepairllc,0
cu_7406,0
infinityfinds210,0
jayrrow,0
isa_3343,0
justinsthrift,0
jef8223,0
bl_427467,0
tikbus0,0
holdarealbook,0
micbow_6524,0
valsan-7262,0
kuehnbria,0
nicole798,0
bitofeverything03,0
to_8285,0
ans9361,0
jo554869,0
thisistheway7,0
ja_692912,0
bidnest-llc,0
waltland2015,0
chrisbuh-0,0
jeancbim-0,0
ali_944632,0
f43a97,0
8yptn_29,0
lufals89,0
jmarsh-3,0
patters_3956,0
more4wayless,0
chousou0,0
ilovew_89,0
mar_422777,0
ninjabmw0514,0
maximfra_96,0
krymello-0,0
elizmcs0,0
tiffyp9,0
darlingbean,0
akaaya,0
javir_8808,0
misterfi-78,0
sweetapho60,0
tomran-5919,0
infohead47,0
adandjosie1713,0
jjsoc-56,0
rob826609,0
ernmu8315,0
n.su44,0
salam.773,0
tabre-1352,0
7qzh8-5,0
conda_5292,0
jaset_65,0
korbin67,0
7829myem-81,0
adk4341,0
lessan79,0
deemarshin,0
savabri0,0
tomariw_0,0
crysbut_7,0
parchea57,0
jogr_513495,0
gnc8559,0
rochelle2310,0
twenty484,0
halet_37,0
jenk_4084,0
cheeses-95,0
ri_307996,0
kyus06,0
jking0515,0
peanutbutter127,0
maylasiferguso-0,0
themastermind777,0
comars_6405,0
4tune-64,0
3dpatriot,0
yuekus2013,0
mirud_67,0
tatso-48,0
mgriff85,0
par5646,0
cincyseller513_4,0
easy-deal2009,0
betsabalvare-0,0
lakathom_0,0
johyje-0,0
kecar4348,0
jadr9487,0
chari6963,0
aubda-22,0
ana-6821,0
i_am_m25,0
multi_solutions,0
mos1376,0
schneidinlain-0,0
dimth_80,0
capriachantel21,0
lexk71,0
morhay_8959,0
audco-3083,0
drseusscat,0
baimil1558,0
alexabe-90,0
ce569054,0
av-8785,0
iwanttobu-36,0
wendjohnso-83,0
aniyahd,0
jaymald4741,0
z5cq968,0
brawill_5091,0
jennie.54,0
cbrook29,0
eli-1968,0
jerryspe,0
andcab_95,0
trendunio,0
nsjyg_84,0
aipr-2100,0
alexama955,0
onlyfo_75,0
komaks_bg,0
mahhen78,0
meghamathew0,0
gispi359953,0
dygras_0,0
dadus2678,0
myl_180764,0
matthewbray-laptop,0
caho405,0
cam_8259,0
wilde-3009,0
zeetec_store,0
bigcliffyd,0
cesam_75,0
nihe3831,0
narn5807,0
flame3814,0
sonna96,0
micyauh-0,0
askand94,0
dikhambh-0,0
rako1946,0
boomerose0,0
kamri_55,0
gabschn59,0
elikaz84,0
agon6086,0
kowua-hc,0
abbe_9462,0
vrbeautyandsupplies,0
susyju18,0
ca_tlover7,0
joshduncan71486,0
sab_3036,0
sava_7149,0
haica-78,0
aigar2129,0
leilanperrone-skinne0,0
seqcur0,0
hecnu-6808,0
haihuffm0,0
robeisgarci-0,0
randrie0,0
ewelec-42,0
to0610,0
nikbasa0,0
99pjw_5,0
cyn_nzan,0
albecks-68,0
chhub-83,0
aegorov67,0
sm_594651,0
earbudsmaster,0
jaffarsk,0
brmitc4650,0
caltho-2318,0
muhammed992,0
nunezcastillo,0
abngue-0,0
jul_428935,0
1969gtoj-86,0
be_123596,0
novacubs,0
sgunkysgunky,0
marsan4311,0
smkrtc-59,0
kasc456780,0
victorigonzale25,0
ecal-do-w2vzkq,0
danhern-502,0
d26gf_60,0
sammysammy123123,0
toinfi_41,0
ka441042,0
silverfusion,0
sa_541411,0
2bbpv65,0
djyoun_52,0
jeh1g0,0
odaswi_0,0
dehern_2286,0
fredys2390benitez,0
grno1404,0
s629-36,0
jag_4177,0
grove_store07,0
penn_25,0
chriboyi_8,0
genevie_25,0
san-190415,0
tapr1353,0
courtnemountfor_0,0
lemor13,0
samashu0,0
joriv-1450,0
samawa-189,0
al-8497,0
drewladner,0
chelawr60,0
urbein26,0
c1ndy_99,0
dinavia_97,0
so_903611,0
qiwa8871,0
z6vmr0,0
sopbel12,0
nosua12,0
carolier,0
brymur_86,0
parago-61,0
electricgin_llc,0
carab.jeane,0
xersan0,0
wzstore,33.3
maythom_86,50
fairtradeheart,66.7
mhdtrade_6,66.7
chava.gilby,66.7
nhoshishi,75
chapoth_43,75
db_003,75
turninthepage,75
amsaw88,80
theglowgallery,80
onlinestore4,83.2
usedlaptopcenter-9,83.3
jome1238,83.3
sably-85,83.3
quickdealzinc,83.3
ycpromotions,83.3
rhys.kir_55,83.3
anzarenterprisesinc-0,85
deedijune97,85.7
alvash-94,85.7
thetrendyseller1,86
escorp-88,87.5
poeent,88.9
witch_direction25,89.5
anthonyswholesales,89.5
grey-hat-seo,89.5
lukecallo-0,90
dacho_8344,90
fernfu-42,90
ozsupertrade,90
wdon-51,90
iboy005,90.3
pcxstream,90.5
greentechie99,90.9
coverzipllc,90.9
hung1966-2008,90.9
rasheedaadam0,91.2
nsmcan,91.3
1195sandy,91.3
adrian-e-shop,91.3
adbrealty,91.5
jcelectronic.inc,91.7
kyslowhand,92
sanjan_3367,92.1
pc.products,92.3
solid-mike-x,92.3
ubidonline,92.3
bilfran82,92.3
nextgenhardware14,92.3
trollm-12,92.3
tekpart,92.3
e-was_28,92.3
marpa652609,92.6
deal_no.1,92.6
ygonlinesales,92.8
banina_us,92.9
systemliquidation,92.9
loanstarstaterd60,92.9
micgrif_1060,92.9
dqs-electronics,92.9
xosortasweet,92.9
opoboo,92.9
tn4kaashop_1001,93
luckystrikes04,93.3
byrby.au.ap4lzxio,93.3
partsunlimited22,93.3
emoy98,93.3
change-of-pace,93.5
packrat_treasures,93.5
alphamegaent2,93.5
qasqasi_uaecd,93.7
tryna-buy,93.8
boss_sob7,93.8
tynav-5,93.8
joey.773,93.8
collection_7952,93.8
bridgezon,93.9
silicon_salvage,93.9
boms2014,94
yuansheng,94.1
famoustechshopllc,94.1
marcalife,94.1
rachelscreationswacotx,94.1
butlers_powersports_and_equipment_clibbins,94.1
catoutou2010,94.1
ticktock1-2-3,94.3
smoya911,94.3
1stoppc2013,94.3
rose_ramp,94.3
luzhe-0,94.4
snapsell-2,94.4
anotherdayanothermillion,94.4
hawk_line,94.5
geekdealzz,94.5
fcmanagement,94.6
surpriseshop-1,94.6
avpawn,94.7
rtl_world,94.7
lex_computers,94.7
etech-estore,94.7
pcmac_mcmadusonatl,94.9
tektreat,94.9
davcotrade,94.9
globaloneenter,94.9
cyber.sunshine.labs,94.9
heavenlybliss1,94.9
gouli-8771,95
lucase42,95
recyclerightcomputerrecycling,95
thunderbolt_collectibles,95
cl3technology,95.1
zootronix,95.1
b-aras0,95.1
atmarktradinginc,95.1
multilateral_trading,95.2
cabrajose,95.2
mega_field,95.2
carmenvel81,95.2
jtd*direct,95.2
one.stop.shoppee,95.3
compco_usa,95.3
dmlkl2012,95.4
mctechnologiesinc,95.4
dell,95.5
uniquetechllc,95.5
t3wares,95.5
apc_sales,95.5
photographymallstore,95.5
zeereez,95.5
goodtech1101,95.5
naut529,95.5
la.tronics,95.6
macaranay,95.6
best_buy,95.7
rrdeploy,95.7
asm-rashi,95.7
dealparty360,95.7
komercos,95.7
*dealsdealsdeals*,95.7
basiccomputer,95.7
elijahmorey,95.7
njrisingstars,95.8
cyberarch_net,95.8
minipcsnmore,95.8
hirezaudio,95.8
qrcomputer,95.8
pawnbox,95.8
world_togo,95.8
online_pickers,95.8
ddmtechnik,95.8
kuhlcomputerrepair,95.8
computechdealllc,95.9
wholesalerus1,95.9
pcs-for-people,95.9
pcworlddepot,95.9
digital--dealz,95.9
dr.liquidator,95.9
ingrammicrorefurbished,96
chipstore_us,96
2014xcess,96
expresscomputer,96
idealbuyandsell,96
m22567,96.1
pawn1_20,96.1
etradekorea,96.1
re-use-calgary,96.1
deal-manufacturer,96.1
laptopcaretx,96.2
poweron.com,96.2
gggmadison,96.2
besteezy,96.2
brighttechnology1,96.2
eucasys,96.2
orricha_40,96.3
uncletonys,96.3
asfhhmz2,96.3
ebereonw_0,96.3
mobile.fundraisers-0,96.4
insightinvestments,96.4
natek777,96.4
uy87_74,96.4
premierbacon,96.4
webuyyourjunk,96.4
amju62,96.4
recircuit_find,96.4
ndsellsstuff,96.5
xcesslimited2013,96.5
wowdealss,96.5
*euroathome*,96.5
nitroracer456,96.5
electrabuy,96.6
comptechdirect,96.6
juluplus,96.6
jjyy59420,96.6
rboost,96.6
li_6345,96.6
dharimall,96.6
quickdeal12,96.6
ev_parts_sales,96.6
bluebrierllc,96.7
mrgametimerob47_5,96.7
photobooth3,96.7
alex23rus,96.7
sporting_mall,96.7
greatkabukiseller777,96.7
ryown1123,96.7
acer,96.8
buyrefurbishedus,96.8
cnhglobal,96.8
tvrsales3,96.8
tvrsales2,96.8
a19-ry,96.8
kigsmart,96.8
vipoutlet,96.9
magic-tech-master,96.9
crypto_red,96.9
norrios,96.9
atg_pc,96.9
bargain.boutique,96.9
eworkscomputersolutions,96.9
tnsbny,96.9
steven.wcatinc_0,96.9
kenm-93,96.9
greeneyedcat66,96.9
badgerelectronics,96.9
motormaster17,96.9
jcs_computer_store,97
tech2_4sale,97
kaltech_electronics,97
natspuffers,97
monloni_0,97
pawnsg,97
jordybugsresale,97
atlsoftware,97
flakiita1233,97
csk757,97
lenovo,97.1
wirelesstechnostore,97.1
mesocloud,97.1
subetesalesllc,97.1
awesome.bargains,97.1
laptop4less_us,97.1
chicago.irepair,97.1
dr.hejar1,97.1
the_unbeatable_pc_sale,97.1
globalshopcse,97.1
spreetail-deals,97.2
fjdeals,97.2
esourceplus,97.2
gzgroupllc,97.2
it_xchange,97.2
persuasivedeals,97.2
yesmulti,97.2
risingsungaming,97.2
punkdoptedhead,97.2
fujiyama00,97.2
edupau68,97.2
stonepelican,97.2
silvadeals305,97.2
electronicdepot79,97.3
allstore-up,97.3
jpwtech,97.3
auction2272,97.3
stock4less,97.3
3rtechnology,97.3
prime-techno,97.3
negitan.shop.japan,97.3
reshoevn8r,97.3
proudfirefighterems,97.3
electrojungle,97.3
llayag,97.3
had-us2013,97.3
airman_pawn,97.3
beautylucky,97.3
auctioneersdeals,97.4
icellthings,97.4
dnyca1,97.4
fortwayne2010,97.4
orangeavepawn,97.4
freshfinds.online,97.4
dspc99,97.4
vladchuro0,97.4
classytreasures,97.4
daaddycool,97.4
yamacraigslist1,97.4
kt-electronics-1640,97.4
ukrdynamics,97.4
naztar_0,97.4
ehrebarb,97.5
toyarcade,97.5
discountwholesaless,97.5
ivancito16,97.5
witrigspc,97.5
yaraptor660r,97.5
dgdiscoveries,97.5
qctech150pc,97.5
unitedvalexwaves,97.5
americanrecycling,97.5
cheapthrillstuff,97.5
ezpawncorpnyc,97.5
b--b,97.5
shop_mcbia,97.5
brokenbargains,97.5
palmbeach_0,97.5
ibuystuffantiques,97.5
coolstoreonline,97.5
echoeelectronic,97.6
corpreccouncil,97.6
unitedcaravans,97.6
bigboxoverstockllc,97.6
device-refresh,97.6
nickdemos5000,97.6
itad-ativoitllc,97.6
davidh7737,97.6
tvhelec80,97.6
andresells,97.6
babatdmr,97.6
medmart,97.6
1331sales,97.6
lifesabeach1972,97.6
a_different_store,97.7
discounttechdirect,97.7
tfldealz,97.7
loot4less,97.7
escorecycling,97.7
nbd-direct,97.7
john8675309tm1,97.7
onestop4laptops,97.7
electrocycle-llc,97.7
theluisfamily,97.7
waukegancomputer,97.7
tnyt45,97.7
miamiwireless,97.7
relite.io,97.7
zacherydj,97.7
shipshowershave,97.7
estoreva1,97.7
attamaru,97.7
dinas_342,97.7
supportive-service,97.7
shsar-75,97.7
reminiscetoy,97.7
andrewsky1985,97.7
ecomidf-diffusion,97.7
new.techies,97.8
buy_and_save1,97.8
retech360,97.8
gizzmoh,97.8
erecycleronline,97.8
bid$buy,97.8
apetek-products,97.8
yywirelesss,97.8
nothingbutsavings,97.8
esquared2018,97.8
alicexu19861024,97.8
cd8831,97.8
deal_4u,97.8
electronicscove,97.8
michael_wynn,97.8
blackjok3r93,97.8
hightimetech,97.8
loanstardomarisave,97.8
kindertech,97.8
shamrockpawn,97.8
thelemonhammer,97.8
mark0072318pm7,97.8
renew4me,97.9
swingcomputers,97.9
grevieking,97.9
eworksil,97.9
atrecycling-ut,97.9
lonny1969,97.9
sj_computers_llc,97.9
paveitall,97.9
dinema_refurbished_electronics,97.9
hummingbirdinternational,97.9
azusapawn1,97.9
ccmiller931,97.9
pawn1_08,97.9
equipone_com,97.9
tecdale_inc,97.9
cmarm5,97.9
alha_2302,97.9
pcelectronix1,97.9
fagoodsno1,97.9
omaha_tek,97.9
onestopvarietystore,97.9
shste_3238,97.9
www.ric,97.9
gnparts1986,97.9
pawn1_06,97.9
onedealaday,97.9
imperialtw,98
mrdevices,98
global-laptops_us,98
forsale2021,98
sdpawnwallingford,98
tech4u2c,98
tech-trading,98
pawnexperts2015,98
tpmresale,98
flashunlocks,98
bourne588,98
epicsavingsonline,98
vdyk_0318,98
uptekk,98
s3greatdeals,98
debbysmith09,98
pppgarland,98
discountitsolutionllc,98
hellogoodlife1,98.1
sgin_official_store,98.1
cnedirect,98.1
smartcomputerstech,98.1
delloutlet,98.1
technsales,98.1
wefixpcllc,98.1
retail_king,98.1
spark.goodies,98.1
manousbestdeals,98.1
image_spareparts,98.1
wwt.usa,98.1
abcdefg_llc,98.1
bayoumy,98.1
la-top,98.1
loanstarportcharlotte,98.1
marcusking,98.1
tekdeals,98.2
a4c,98.2
spicketriver_computers,98.2
bestdeal-estore,98.2
wholesalebroker,98.2
technologymidwest,98.2
tech-world43228,98.2
chicagostreasurehunter,98.2
techbuyer_usa_outlet,98.2
onlyonedeal,98.2
tesch225,98.2
gus6743,98.2
moham_muft,98.2
pawnmilwaukee,98.2
ebabyoutlet,98.2
bernardsjewelers,98.2
elkhartwwjpawn,98.2
gulliver-servizi,98.2
multiversetechnologies,98.2
stecan_76,98.2
hotandnew,98.2
ebiz323,98.2
kandy1210,98.2
exor64,98.3
gearedgadgets,98.3
smgusa,98.3
jkcomputerparts,98.3
erantanta,98.3
sinbad1111,98.3
sepawn,98.3
elitegaminglaptop,98.3
3antar,98.3
barcodetechs,98.3
pnwelectr0nix,98.3
dailydealscarrollton,98.3
pcpowersupplies,98.3
eglaptopparts,98.3
centralohio1,98.3
joeyfor7_3,98.3
nttstl00,98.3
it.warehouse,98.3
flipicker,98.3
pepper-black,98.3
the_tech_n_toy_shop,98.3
microtecinformatiquecom,98.3
kostiantykravet-0,98.3
sam-turnon,98.3
dcybermind,98.3
vandytreasurehunters,98.3
ezprobay99,98.4
agk_computers,98.4
nbd-direct-cf2,98.4
techtundra,98.4
bneacttrader,98.4
unique_trades,98.4
computerkings,98.4
deaconsdeals,98.4
alpha_tech_store,98.4
kabuc-3547,98.4
custom-rugged-laptops,98.4
velztorm,98.4
reyelectronics,98.4
lovely241,98.4
renewedit,98.4
with_us,98.4
rebatedealsus,98.4
raaaaaaaandysresale918,98.4
ogakej,98.4
emblempower,98.4
igloo171,98.4
omooduaa,98.4
productdeliveries,98.4
lmunm2014,98.4
westvalleypawnaz,98.4
vancejo,98.4
ecr2.electronics,98.4
always.deals,98.4
uzodinn_oko,98.4
anthony_trillz,98.4
cymp1963,98.4
newegg,98.5
prycedin,98.5
kl0,98.5
ultron-home-service,98.5
ges-refurb-jn,98.5
samanthatronics,98.5
e-cyclepro,98.5
digjungle,98.5
greenpl,98.5
gene1012,98.5
1899mart,98.5
kelley*michelle,98.5
ciacs_enterprises,98.5
trextos91,98.5
certrbtech,98.5
laptops.low.price,98.5
santamonicawireless,98.5
gabrielcapelettollc,98.5
soareus_llc,98.5
americanpawn17,98.5
gottago99,98.5
wins23-19,98.5
88laptops88,98.5
deals_all_day,98.5
befreetech,98.5
jh74168,98.5
zhanzhon_4,98.5
redsox8911,98.5
schutster,98.5
the1andonly-86,98.5
ifaslb89,98.5
cyber_lyn,98.5
archeologycity,98.5
stthomas_31,98.6
efesales,98.6
bestptv,98.6
surplusspectra,98.6
trustedsale,98.6
data-sales,98.6
betamacs-sales-global,98.6
deal-peach,98.6
tech_tower,98.6
maven_technologies,98.6
velocitytechsolutions,98.6
computersuperuser,98.6
everythingtechandhouse,98.6
zhala2018,98.6
ursuperdeals,98.6
eastmainrocks,98.6
kelsus-tm,98.6
cellsnotherstuff,98.6
elyontrading,98.6
chevysilveradov8,98.6
kj444,98.6
allte8239,98.6
ehexatech,98.6
gogrizzzzz,98.6
clarkes,98.6
discountdirect-wa,98.6
thereynailsupply,98.6
momentum.vintage.and.electronics,98.6
102_store,98.6
wwjpgoshen,98.6
kriskuti7,98.6
otaten-japan,98.6
crazy_vintage,98.6
elixiur,98.6
articfoxndn,98.6
ampsubsforlesscom,98.6
marmac-5181,98.6
discountcomputerdepot,98.7
chuwiofficial,98.7
mountainlocals,98.7
renedistri_0,98.7
bigdeals,98.7
sgin_shop,98.7
hotdigital-international,98.7
zqzxcd,98.7
kernelplanet,98.7
itsworthmore,98.7
brandsmartusa,98.7
re_cycle_electronics,98.7
variant_universe,98.7
ellen_mouse,98.7
do-all-1,98.7
abq-it,98.7
liquidated-surplus,98.7
romaroma-94,98.7
rickin4,98.7
lewistownliquidators,98.7
akiba-geeks,98.7
san_dimas_wholesale,98.7
babga_0,98.7
snesco9,98.7
world-sellers1,98.7
projektpetepc,98.7
blueridgemtntraders,98.7
lifei_49,98.7
tradingpostllcpawn,98.7
eparts123,98.7
goldenselect,98.7
royaltygift,98.7
trocol20,98.7
stellareikipicks,98.8
verdi_commerce,98.8
ocdepot,98.8
gearsoftreasurellc,98.8
pcs-for-people-chicago,98.8
rockystoneelectronicsllc,98.8
rose_2004_e,98.8
itphoneguy,98.8
vrassets,98.8
buybackboss,98.8
tanyastreasuries,98.8
hbr_electronics,98.8
antro7937,98.8
tvt_2005,98.8
rawko,98.8
beachaudio,98.8
elcycle,98.8
upgradecomputers,98.8
smartphonesplusllc,98.8
eseiersen,98.8
adorethixshop,98.8
jays.arcade,98.8
unogoo_trade05,98.8
ev_industries,98.8
tim_mcgo,98.8
dom2win,98.8
montgomeryalabamapickers,98.8
23wholesale,98.8
gta.laptops,98.8
sunset_micro,98.8
wma100,98.8
aaaultimatepawn,98.8
captainhoggswonderland,98.8
dtx-electronics,98.8
laptop_essential,98.8
dn-printers,98.8
sargemark,98.8
bran-4n8gau7l,98.8
jaysaid01,98.8
bimegi,98.8
twotonenwife,98.8
reupstock,98.8
qgistixstore,98.8
haalda_18,98.8
budget-repair-llc,98.8
lvsells7,98.8
macandpc_73,98.8
effcompsys,98.8
mon_178672,98.8
chuwi2018,98.9
blairtg,98.9
g-electronic,98.9
themaxmart,98.9
macwarehouses,98.9
discountparts99,98.9
flipzigco,98.9
lite_corp,98.9
smartresale,98.9
all4homeusa,98.9
rgvcomp-88,98.9
rti.communications,98.9
glen.tech,98.9
tin_1can,98.9
tatflege-0,98.9
jzs-goodies,98.9
josrupr0,98.9
ruthlessrancor,98.9
bigtimecloseouts,98.9
clear-pc-go,98.9
gamer_depot,98.9
dealsbymira,98.9
abbawireless,98.9
bhwlonline68,98.9
nationalpawnpa,98.9
15ptr,98.9
fine_20112011,98.9
fastdropmainline,98.9
itresale_uk,98.9
combinationinc,98.9
mbs_liquidation,98.9
oh2b,98.9
aanddco_38,98.9
hustability,98.9
madanthony02,98.9
globalcomputerservices901,98.9
rimrockthrifts,98.9
alani-270,98.9
scarce5,98.9
buydig,98.9
beny2011,98.9
primetimebuys,99
jender.io,99
pioneer-surplus,99
newmiker,99
electro_room,99
marley1372by9x,99
redytech,99
itad_services,99
surpluserecycle,99
greatbuy,99
hey_hello_hi,99
officialhpstore,99
belowcostlaptops,99
mallard88,99
computercrusherrecycler,99
everydayfulfillment_kc,99
redfang696,99
yeeesitsold,99
ewholesale2011,99
smuser12,99
hypermicrosystems,99
thetechguyrepair,99
eboy4sale,99
ruggedbooks,99
bstco,99
computerpartscom,99
dealresort,99
elot_sales,99
resaletechnologies,99
mobilegadgetmpls,99
7daysmart,99
trai1953,99
ilaboy035,99
dealheaven,99
techcyclesolutions1,99
knarith15,99
toptechgears,99
housershoes,99
missouri-liquidation,99
computersofhouston,99
global-technologies,99
theservicedepartment,99
loanstarnorthport,99
theequipmentexperts,99
trd_digital,99
amedeo_exclusive,99
wolfietreasures,99
asahidoo-jp,99
comprenewonline,99
gatech922003,99
e_and06,99
reliveretronoco,99
mayantreasures,99
nieto1029,99
bigblueonline,99
cynthiaemery,99
e-waste_phx,99
kokocrate-oc,99
cashaway1,99
zacks-silo,99.1
goodcomputerguy381,99.1
savecentral-outlet,99.1
orchardrecycling,99.1
amtec_us,99.1
lightningboltelectronics,99.1
itbuyer563,99.1
itreplay,99.1
buy-best,99.1
hovrashok,99.1
freegeek_portland,99.1
bitramsolutions,99.1
kramdeninstitute,99.1
aaclassic,99.1
natamiflips,99.1
bargain-beaver,99.1
pinnaclemicro,99.1
dynamicithardware,99.1
cascade-assets,99.1
electronicsister,99.1
goodworlddeals,99.1
aandwsurplusinc,99.1
mmhfcom,99.1
dtpro2001,99.1
mclean-surplus,99.1
gj_sales,99.1
cargolargo,99.1
japan_gooditem,99.1
ceasar_recycling,99.1
oktechdeals,99.1
devicepitstopmg,99.1
komputersolution,99.1
tasktacklesolutions2023,99.1
eftnetworks,99.1
redleafasset,99.1
interstr-0,99.1
digi-tech-1,99.1
nwpshop,99.1
wirelesswave,99.1
nfb_store,99.1
mobilefinityinc,99.1
sudburyelectronics,99.1
incredibledeals-us,99.1
nknowstech,99.1
vorzuglich,99.1
danaparchevskaia,99.1
ayeceejay,99.1
slda777,99.1
tr-8168,99.1
mdgsales,99.1
pc*doctor,99.1
speedhelp,99.1
antonline,99.2
focuscamera,99.2
jotat_8885,99.2
msu_surplus,99.2
mom_loves_tech,99.2
bestdealsgroup,99.2
allitequip,99.2
newlifeliquidation,99.2
yyelectronicincyy,99.2
friendlyearth206,99.2
budgetsavers,99.2
reusetek_electronics,99.2
beltronusa,99.2
wishmedeals,99.2
bruincomputer,99.2
nurtech,99.2
itofficesolutions,99.2
skyvineitad,99.2
salviya357159,99.2
sunnking,99.2
taxfree4all,99.2
strelectronics,99.2
wide-range-selling,99.2
simplecellllc,99.2
ont-626,99.2
ecotronix1,99.2
buffalocr2012,99.2
ctwu41,99.2
orsol_42,99.2
bluehousesupply,99.2
ksgmng,99.2
laptopnycom,99.2
aokinc,99.2
buy-from-here,99.2
buyyourgadget,99.2
reducingewaste,99.2
wesammy,99.2
loanstarvenice,99.2
canadiandiscounts,99.2
m.c.sales,99.2
daga-875,99.2
barleyusednew23,99.2
reversetech2018,99.2
theestatekings,99.2
tokami-japan,99.2
electrobargoon,99.2
cbspcrepairservice,99.2
tekbuff,99.3
marscot-mvdiqjq8,99.3
kaliscomputers,99.3
macman4623,99.3
heba989801,99.3
cpr_it_recycling,99.3
kcliquidation,99.3
aldivinecomputers,99.3
techrenew,99.3
ecyclers_international,99.3
fanaya1,99.3
computer-parts2go,99.3
jsalldeal,99.3
teknix-solutions,99.3
faulenroc-4,99.3
bargainbytes,99.3
zzperformance_esales,99.3
windycitygoodschicago,99.3
redtagcomputers,99.3
goodwillrs,99.3
lamontsbargainbarn,99.3
comprem,99.3
tor1213,99.3
pcrenewed,99.3
cejn2007,99.3
0_rach_0,99.3
shopcelldeals,99.3
pilotcomputers,99.3
darwis_59,99.3
aenot,99.3
floorcovering1999,99.3
rem56k,99.3
tomo12_japan,99.3
commercialkitchendirect,99.3
ysd_20_53,99.3
transformersandgsmphones,99.3
jeffleonard000,99.3
azing_electronics,99.3
1manstrashortreasure,99.3
games4less1,99.3
fastshipper2004,99.3
gwzcomps,99.3
reuselectronics,99.3
deal_targets,99.3
frenchst_14,99.3
quickturnpropertyservices,99.3
kiutbetz,99.3
ontech-force,99.3
prairielinktechnologies,99.3
jwiedenman,99.3
tidi-69,99.3
boja.maksi,99.3
kpbooking-upperedgetech,99.3
efxdigital,99.3
mypcwerkstoo,99.4
rinuvo,99.4
auditmacstech,99.4
sl.technology,99.4
jtech_shop,99.4
treasures.n.trinkets,99.4
milleniumman6,99.4
cmlbrunet,99.4
service_solutions,99.4
reviveit.io,99.4
geartrekkerbiz,99.4
chouz_ecomm,99.4
buy_computer_direct_inc,99.4
autogoodshome,99.4
monroe-merchandising,99.4
notebookavenue1,99.4
jamemcki55,99.4
apcomputersplus,99.4
tedselectronics1,99.4
designix-us,99.4
stephenscitysurplus,99.4
murraygoodz,99.4
priceholes-com,99.4
bilbot.v.cat,99.4
er-rushus,99.4
rescuecellphone,99.4
reuse-recycle-wv,99.4
aramk72,99.4
calgarycomputerwholesale,99.4
cckbgood,99.4
roosevelttowerantiquessalvage,99.4
betfer01,99.4
outlet_closet,99.4
mypawnshop1980,99.4
rhinotechnology,99.4
broncos,99.4
bigbuckssales,99.4
jeff-larr,99.4
argdealz19,99.4
high_end_electronics_ny,99.4
dovan2025,99.4
cash4clothesbozeman,99.4
tetsuya09,99.4
northeast-parts,99.4
essential-electric,99.4
overstock4you,99.4
bakerggp,99.4
linkeet,99.4
bigpocketsoutlet,99.4
o-mochi_jp,99.4
bluehavenct,99.4
cdsnet,99.4
cudig61872,99.4
storagefinds76,99.4
shawn54638ppj,99.4
screamingrooster,99.4
techworldnetworks,99.4
hollitronic2,99.4
wastecom,99.5
oregonrecycles,99.5
afooshani9497,99.5
unixsurplusnet,99.5
winmacs,99.5
nbddi-67,99.5
gafcellular,99.5
dealjustdeal,99.5
eastcoast-recycling,99.5
netsalesnc,99.5
atechoutlet,99.5
laptops4sale777,99.5
samsvisions,99.5
r3newtech,99.5
popularthings-us,99.5
danaswireless,99.5
onha1,99.5
r3loop,99.5
gvinu,99.5
technologysurplus28,99.5
bueus44,99.5
human-i-t,99.5
epcsales,99.5
epc-texas,99.5
itsupplyguy,99.5
muk_437,99.5
nakanoyama-jpshop,99.5
grview,99.5
computpr0,99.5
chiri-initiative,99.5
epc-sc,99.5
ntal9923,99.5
honeybee_technologies,99.5
diamondmarinellc,99.5
discwilldo75,99.5
shalmesh,99.5
eitan_18,99.5
affordable_solutions,99.5
klr-automation,99.5
repairpc,99.5
goldnconnection,99.5
tent_jp_amg,99.5
netjunky6947,99.5
ramsesv1960,99.5
elyriapcs,99.5
core4solutions,99.5
hometownelectronics,99.5
pcmonde,99.5
alltechresources,99.5
techyteam,99.5
cfm-1,99.5
ntnm,99.5
avenueshopswapsell,99.5
younshipsanywhere,99.5
tf-techflow,99.5
veraubor_71,99.5
henrysugar1,99.5
alles4pc!,99.5
lukeyourbest,99.5
abimpcgatepro1,99.5
hd_store_jp,99.5
azldc,99.5
aplusstuffstore,99.5
etechcbus,99.5
rrr_traders,99.5
simpletek-l*elettronica-lowcost,99.5
jordanw0202,99.5
outofthisworldelectronics,99.6
bit-by-bit-electronics,99.6
ave_electronics,99.6
luckywolf29,99.6
cnil1635,99.6
endeardistributors,99.6
electro_outlet,99.6
acebiz,99.6
trepachka,99.6
pdxprinters,99.6
thedailydeal408,99.6
tkopchak,99.6
okidatapros,99.6
keystonememory,99.6
kamruidirect,99.6
ocean-tech,99.6
itad-tech,99.6
noaam4556,99.6
qualitymemorycpu,99.6
simron_tech_repair,99.6
734hwrecht,99.6
refreshedelectronics,99.6
pc_dr_nick,99.6
mnwcomp,99.6
instock901_min*s_warehouse,99.6
upaid,99.6
simpsonsgarage,99.6
treasurehunters_123,99.6
un-tech,99.6
compeve_corp,99.6
tvr-inc,99.6
toadystreasures,99.6
reasonablypriced4u,99.6
sonomaresale,99.6
mizkim-36,99.6
keystone_enterprises,99.6
qtopia_collectibles,99.6
bamsurplus,99.6
eliavn2025,99.6
bravo4minnesota,99.6
aviash2013,99.6
bigavsound,99.6
adamiske,99.6
second2nonebuffalo1,99.6
purpletechnado,99.7
skeez3535,99.7
taziasmommy07,99.7
lakemichigancomputers,99.7
bid4best,99.7
hs_tech,99.7
compupartsandmore,99.7
lightningcontrols,99.7
phoenixsolutions-itad,99.7
phoenixtechrefresh-1,99.7
itequipment,99.7
1pc-tom,99.7
ewirelessgear,99.7
computeroverhauls,99.7
tekrefurbs,99.7
copes*stuff,99.7
angiesgreengosurplus,99.7
sellithowifoundit,99.7
openrange2005,99.7
buystuff.ie,99.7
tech_recycle_cle,99.7
fre-am0,99.7
bluetag-sales,99.7
esavr*com,99.7
systechaz6024370100,99.7
halbry,99.7
alexpa_2025,99.7
didionorf,99.7
naoshidigital,99.7
mainelydeals,99.7
cam4cc,99.7
industrial_blueline_special,99.7
2015uslasi,99.7
dantsei0,99.7
japan-recommend,99.7
redbmw328i,99.7
kemmergem1,99.7
imjr4u,99.7
pawn_pals,99.7
candengue16,99.7
cgelectronics16,99.8
blueknifecomputer,99.8
tamsolutions,99.8
capcityoutlet,99.8
c2sdk,99.8
ymishtal,99.8
stufforegon,99.8
derrick4earl,99.8
tech-gem,99.8
quality.parts93,99.8
oemliquidators,99.8
jaxpeakllc,99.8
hi-fideals,99.8
toughbook-outlet,99.8
maria_alina,99.8
garlandcomputer,99.8
exchange38652,99.8
sursay,99.8
watweed00,99.8
pscrown,99.8
rotem1,99.8
oddballinsales,99.8
ashnash-27,99.8
yakovgood1,99.8
the_shoppee_shop,99.8
noorm-11,99.8
mobileshark,99.9
redtagdeal,99.9
odysseycomputersmd,99.9
steevesj,99.9
intechar,99.9
laptop-goods,99.9
estradathenub,99.9
electronicsvaluerecovery,99.9
cellphonedynasty,99.9
adamd5819,99.9
onlyit,99.9
tech_handyman,99.9
aaa_pcs,100
globalkart25,100
izp_2530,100
nrjkshrm,100
theamazinghub,100
tiantian0579,100
alanwithtech,100
pc_on_sales,100
cookscomputer-resale,100
gooddealsco,100
sgin-shop-1121,100
jalsurp_12,100
nolanq7,100
like-new-laptops,100
kyman1530,100
l_and_l_novelties,100
hifi_electronics,100
valleytechinc,100
surplusparts2005,100
colocomputer,100
novastral,100
recycle_your_electronics,100
xbox-99,100
minntfs,100
kzalta,100
marjpes_0,100
blindcenternv,100
a-town8,100
ultimate_us_electronics,100
rtrcomputers,100
protech365,100
bjbone,100
itgearforless,100
juanmivasquez_0,100
sam_abuha,100
david_bugsch,100
guaranteecellular,100
computersexpressky,100
gpdeals13,100
outworldsystems,100
roycempcorp,100
cskservices,100
vhs,100
ohoover79,100
gamespro2011,100
usjoh-mkt9exry,100
alija-13,100
carxchange,100
thesalesturner,100
ectdata,100
00johnny,100
amdrecycling,100
fredericksusedcomputers,100
adagoom,100
official_refurbished,100
ibracho,100
khaderhamida0,100
kd-assets,100
*kool-trader,100
techdeal4all,100
blowoutsales,100
css6335,100
lextronics93,100
hadifrie,100
docs_laptops,100
eggy182,100
etrondeals,100
jeeli_71,100
itvalley,100
modulemaster,100
net_fix_store,100
laptopsforles,100
russco-electronics,100
computerdealsdirect,100
clutecsalesinc,100
nelsoberna,100
nannerbproducts,100
big_cat_delivery,100
dealmaster_777,100
smudgespecs,100
mdpermit,100
famesale,100
datis2024,100
marc_kelly,100
jribik,100
besttechdealstogo,100
d24114,100
softnetworks,100
v398064,100
asle0407,100
dabel_4533,100
valynaz,100
boivllc,100
refurbconnect,100
genrdri-0,100
mikhaigerenshtey_0,100
toughlaptops,100
kj013,100
skselleck,100
demcm8117,100
webcommunityproducts,100
rickseeley41,100
stuff-and-tech,100
greenscreenvintage,100
bicyclebert,100
jw.it.partners,100
sol-traders,100
betterway36,100
mcpa1211111,100
ggg-sales,100
techpotential,100
bakersfieldcards,100
cvaicius,100
laptop.cell,100
patriotranger,100
cwioutlet,100
deluxepcs,100
bestcomputerdeal,100
eureka-_-moments,100
amzv10,100
dakotek,100
sprengerz,100
dwinterhalter72,100
driedlimes,100
ansandan,100
best_tech_usa,100
ezbuyfast,100
velarxts_parts,100
bears-tech-deals,100
louis-rynalddeshauteur_0,100
general-trading1,100
avenuecomputers,100
andpete46,100
demarc_2545,100
cbc-computing,100
mikeymocs,100
sx_e_f,100
techbasellc,100
derty_6270,100
notebookshopp,100
bmleonard2006,100
munndisko,100
westofcenter,100
advantechcomponents,100
keme1634,100
bombom_54,100
electronicsvilla,100
abaa-it,100
bestpricecomputers,100
solutions-online-247,100
2ndchance_electronics,100
parts4pc,100
ctrlsolution,100
ez-all.computers,100
radbmxparts,100
805rips,100
epc-vegas,100
kay_tech,100
fp_seller12,100
mink971,100
waroundyou,100
affordable_electronics4all,100
barry_apsco,100
robehi_21,100
ximanski,100
bluegr_5309,100
global-direct-parts,100
4ktech-outlet,100
cell_smart_sells,100
acemagic-direct,100
llsjd,100
pc-drafa,100
gbeanie-7,100
roninz6six6,100
lucjage12,100
dazedzone,100
stephen200906,100
mic-538898,100
bellatoscana2011,100
cells-sales,100
isasan-4692,100
8gtdy4,100
tastepie,100
necessaryevil-bc,100
saintamise2010,100
jumbocolo,100
714ark,100
its.br_46,100
nel_4442,100
eltigre2324_0,100
alexandram.904,100
moasoca,100
kab-8501,100
gententek,100
yulram-49,100
alex.choi.items,100
exela4life,100
dukeman25,100
hxleyx07,100
usmarketbargains,100
kgrube,100
cu_tech_computers,100
dc-renew,100
danibum2911,100
dealsfellow,100
ezbargainhunt_l2,100
moral2,100
threeriverscompany,100
gmos65363,100
everything4sale4you,100
predodd_25,100
marigr2544,100
cebj-enterprise,100
discountcomputers9,100
pittechdepot,100
collegegirlundies,100
inktensestore,100
notebookempire,100
big2004spender,100
isellubuyeasy,100
joeldemont,100
computersfortheblind,100
stuff_that_i_find,100
djelastoplast,100
ruggedmobilitysolutions,100
klickonline,100
juspie-9197,100
123techdeals*,100
parssurplusstore,100
oemparts_and_more,100
mybestfriend,100
socrates_flips,100
reliable-technology,100
robmura_87,100
techdup,100
roguequest,100
mj_entreprises,100
scannersnprinters,100
oatetronic,100
protoncomputers1,100
arazsystems,100
c.sa-97,100
derbycitythrifters-1,100
zelda9898,100
helion.tech,100
adrian-ooo,100
silvemic,100
bosaauctions,100
jerrseif,100
bublikus,100
aegir55,100
cstingray78,100
ebisustore,100
partsbj,100
deal4less2012,100
ozbestbuy1,100
buttonhole1970,100
bottom-dollar,100
seyonasystems,100
newtechgeek8,100
thethriftingcouple,100
dipe_2893,100
prophetd,100
trending.tech,100
byte-techdirect,100
comserve_corp,100
storehouserelics,100
acgadgets,100
globalrecompusa,100
fumbuh,100
honeyshade,100
chuwitech,100
clausi0000,100
panzertool,100
cutiesecho,100
jacan1587,100
678phil,100
vegasraiders,100
techi.pal,100
kerprazzy,100
bektu_80,100
think_tech_it,100
rmarck,100
ctcollectables,100
repowerelectronics,100
lamarpc,100
murder388,100
fara-benom,100
fern_88691,100
jujuandp,100
harli160,100
jucas8272,100
rscornermarket,100
watchd-7243,100
irenea50017,100
nikkikautz,100
adafeingol-5,100
et_4556,100
five-star-buy,100
yesh_2374,100
stormcat787,100
halkee64,100
finreed,100
hhm.06,100
tekdep00,100
embit_74,100
evolyn,100
michigan-survey-contractors,100
nancysun2013,100
lebanonpawn,100
ammid_46,100
docaba_6,100
techtough,100
fulfuljapan,100
fabtronics23,100
joekubota,100
interact25,100
frogzilla,100
lifeinvestmentstrategies,100
ty-152,100
circuitland,100
haftu-2008,100
pawnclub1,100
getthemrunnin27,100
johnwynt,100
rondawg617,100
bargainsbybri,100
asiru77,100
kerridaisy,100
kvhopart,100
pixel-pro_mart,100
mahu-831189,100
lenovo-refurbished-store,100
kamrui_outlet_store,100
boltafx,100
ppisales,100
jeffc87,100
craving-savings,100
she_798,100
brada81,100
2ndchancemedia,100
zoeyf99,100
sombraseven,100
kaorinaima20144,100
yettobedetermined,100
jeri_1384,100
danica_0,100
milliesmerch,100
paradox_store,100
vadim98,100
lexxydel-74,100
shopvus,100
doniell119,100
masaru251_25,100
trigau34,100
enetplus,100
mike*22,100
timbuktushop,100
ltxllc,100
wanshi-54,100
sammy19891989,100
elginwindycity,100
dynamic_surplus,100
tgagen88,100
samuraiheike,100
trey0217,100
chmai6823,100
costasub,100
galleryautomotive2012,100
mobilesales17,100
ajtechnologyca,100
singhtechnologies,100
nixuge,100
renegade_25,100
southbrige_e,100
discountedcomputerscanada,100
lekaah38,100
bckali,100
tj_wright,100
missm_8349,100
stevese-storeandmore,100
jesskdaniels100193,100
matt_1273-8,100
kealar-84,100
crk-s,100
hasibno_0,100
zuheir.h95,100
shugos_71,100
kremen45,100
rdlong_computers,100
jhpgamer,100
tomspe42,100
aidoresmile,100
alhug-60,100
kenneth732,100
danhue-54,100
350x-files,100
nicomad_21,100
elbotilliro,100
comet_networks,100
udasell78,100
mrdotpc,100
atlas0106,100
ambro45,100
mihcur_0,100
garage_sales_us,100
hankmoran1964,100
johj_us_7rcppe,100
charitduri-0,100
computerlabs-65,100
vangoodman,100
7wqfc-62,100
srahmancomputersysteminc,100
libgill,100
juvas-5976,100
hides168,100
tomers41,100
stef_1623,100
guruboards,100
br7andon,100
townsendf,100
nouream32,100
meilisse1,100
gcg4mu,100
us.kyose,100
braswellandson,100
melli_electronics,100
promacsparts,100
4.-q,100
zacsouthard,100
jimmygoodeals,100
georgep3b,100
enrmu-791,100
tmg-cards,100
elite_motor_plex_llc,100
blue*sky1,100
alpha1615,100
densan-8437,100
quest4706,100
pitbulluver69,100
wyler_us2014,100
iheartpink25,100
vtolucky,100
dailyshots,100
wildcat-trading,100
cultay78,100
dcomcomputers,100
refurbit_ca,100
coabea.o0gsc3mcy,100
vroc440,100
dupfasheu0,100
thatmakescents,100
greendragon715,100
edubou_11,100
cvk5771,100
mau-90899,100
ozarkvintageco,100
bnbytes,100
rossresellz2.0,100
ssmil-14,100
reveno85,100
allsysgo42,100
usedpc4u.com,100
wingy1-34,100
pc-net,100
exchan48,100
gworrel,100
joecartoonfn,100
ckue3538,100
lisfen_0,100
bagaios1,100
b2traders,100
houstonpawn,100
analibisshop,100
alism403,100
neverland_0,100
macaw-group,100
jcsmartwatchcollections,100
pacmkting,100
shopwithrod,100
justinstelter,100
mabenr42,100
yannilekkas,100
usermcm,100
kentuckymountianpicker,100
centerpointcomp,100
marodr-7100,100
easytechusa,100
jesdi2430,100
tita19740227-0,100
gnv_123,100
dealpallet,100
seepaulsales,100
fire_auction,100
veraverapf,100
klingone78,100
fuzzybunny722,100
11ropara,100
overstock_outlet,100
swirl27,100
moxietech,100
cartlow_store,100
ogtru_7611,100
optical-4001,100
hmichellew11,100
royboy1125,100
hubert_howe,100
ya-607242,100
inetsupply,100
chuc_8649,100
damcm_1,100
dimsafa,100
sofiaadsr,100
tonywe2008,100
vage-giot,100
tereslandru_0,100
qualityspply,100
buywconfidence,100
settys,100
dotur5288,100
aurke_25,100
decrux,100
thems-76,100
general_technologies,100
tc_cardsmoviesnmore,100
bertrumsnightmare,100
worlddigital2000,100
eha-gobr,100
rpfree,100
chbo-3414,100
ordinateurs.joliette,100
hitli_41,100
love-43259,100
isber-1556,100
fuzzy_flipper,100
musun-t,100
babydoll_gaming,100
bronxtail55,100
hammi-computer,100
danlpriority,100
mydrogy,100
emicr77,100
jacklamborghni,100
shopware0,100
bmannie5851,100
davidwise4,100
kitmeister,100
jetsetworld,100
zokuykendal-0,100
te-343251,100
wrigleyvillesports,100
echelonii,100
swiftemporium,100
remiahv2,100
danielruth,100
carolyrodrigue-1,100
paurochevill-0,100
lighty51015,100
carya-88,100
ashirazi065,100
storedtreasure1,100
farmman20172018,100
muhazulqa-31,100
man-of-diamond,100
nataram0,100
uniqueitems1,100
mich6_62,100
tommytutone309,100
zarmab.tech,100
seedsoffaithcentre,100
jcustomwoodworking83,100
hy1368,100
cecinfo,100
oddballstudio,100
hacked2123,100
carlosduron1,100
joncj.3pmcjy,100
quickbluecat,100
brownpilot1,100
nr_computers,100
sopfor-1590,100
tholang_6300,100
allpcpro,100
sqrdc_78,100
hubersolu0,100
southlakecomputers,100
sounddesignstudios,100
theseusvip,100
ur-7200,100
thoyal,100
dragounde-0,100
nirodr257,100
corwill-8200,100
smufimmu,100
tepdliquidations,100
ta_836344,100
valeoko-57,100
printerreadycorp,100
fredtam2010,100
a1-ircs-showroom,100
rjkime,100
toughm_43,100
wibr-4135,100
sellpoli,100
victolukaszona_0,100
craminc,100
internationalholisticpharmacy,100
chaki6884,100
deemyny,100
nfeliciano425,100
therightlaptopforyou,100
cargive,100
hlnucpc,100
cald_97,100
elavated_sellz,100
xmcomputersinc,100
1st-choice-stores,100
mynje_34,100
funnystorebyalex,100
richeslovespree,100
sudpar-42,100
nabwa-17,100
cyclingadventures,100
camcripe,100
bhapa2238,100
glenmelton,100
sashaniquthompso-0,100
electronicsrepairer,100
azul_verde,100
camscardsaz,100
howardl,100
deals_n_steals_online,100
electroscraps,100
ruben7019,100
kingdv789,100
kyanmcatee,100
midwestdire_8,100
always_on_time,100
the_hackery,100
yahzlie-87,100
jujube33,100
ccm_houston,100
francoclaudia,100
kid-named-unborn-fetus,100
rustam_19,100
dabergy,100
barglapart,100
sddealhunter,100
vernettab123,100
g4datasystems,100
4lifeq,100
mikepcpro,100
technoboom,100
camadam6,100
z_s_l,100
laphotopartysales,100
chay_us_t8457s,100
pamaha94,100
gargr-86,100
electronics*store,100
johnvlan-14,100
lolerecycling,100
lulah_13,100
runtools,100
trav-lightner41056,100
ravisi_3935,100
tekk703,100
stevehick91,100
dagor7103,100
reynaldmedin5,100
wonder_wireless1,100
drury829,100
hardwareplug,100
stevenr-1252,100
tesm8948,100
goddessxoxo,100
excess_computer,100
olv-technology,100
freemansliquidation,100
keabooks23,100
wisdomcompt,100
poshapparels,100
datanetca,100
tyler54321,100
mckisha_24,100
sicch-6840,100
job.k0,100
homeessentials1447,100
cpusa20,100
itsund80,100
mt5600,100
wwhelan08,100
dellsproperty,100
triste-3700,100
kristijones82,100
arkadiydav2012,100
jtzo44,100
trenton-1652,100
rexfallis-74,100
thefootprintinc,100
vvostokc,100
sercr7801,100
kingwayne825,100
bbwiggum,100
iirizarry2004,100
pete3831,100
seattlelaptop,100
riga-7698,100
picklepuss11,100
hosehead78,100
wanttht3157,100
orient_tech,100
primterdeal,100
aromaisland,100
lynettaslania_0,100
happytcg7,100
damaof79,100
stlu-8472,100
shawako,100
allmcdo_32,100
manoltalonso1,100
gre.flori,100
jeff_lennox,100
tr_elec,100
traumab_66,100
electronicassetsecurity,100
dragoness1978,100
bestbuy1939,100
summmayssam_0,100
onlin_67,100
fabulous.since.1972,100
notaim-0,100
nmmbea64,100
publicenemy94,100
regnar90,100
feeloup_69,100
lightsaber35,100
toynut3809,100
apostrophee,100
maxwell124300,100
dreeii,100
fuentes_tech_solutions,100
storagehunter8179,100
juanzito,100
maygodblessyou,100
certifiedrefurbisher,100
blinexpress,100
amb1524,100
ing243574,100
da_dany_xdbjfdnh,100
hitech4cheap,100
terabellaboutique,100
lindamblair,100
sparqtech,100
simdek46,100
juancarlosruiz200928-0,100
autodiagnostictech,100
gianmck_0,100
nicland-81,100
bigjames021690,100
ranacco_37,100
kasper36530,100
livaracci,100
hungdieu85,100
bammbamm456,100
superman_123,100
deni_delg,100
seangreen2014,100
lizard_3011,100
rsg613,100
22isles22,100
steveskypro,100
shoberl-0,100
alvash-40,100
newsite-it,100
netanelkim32,100
itevolution-1,100
natsad-19,100
arcadium-tcg,100
crdcleve17,100
milessolu0,100
techrescue_24,100
delfy-inc,100
palms0004,100
jaydenkey,100
yechi_25,100
dalt0nbail3y8,100
raznisales,100
flasponge123,100
kpise,100
rickybourst,100
ashtoncomputer,100
niqlu_ohio,100
nocomsens,100
icebaby1us,100
jescy-3,100
forsale215,100
whittarmoire,100
rossfed_05,100
smooorez,100
bestitemsyet,100
ganets4u,100
eastdetroitlife,100
degolds-70,100
elsiehi-17,100
recondition_geek,100
v547k_96,100
youraverage_collector,100
mario_styles,100
widgetree,100
colali_86,100
southern_trinkets,100
xoxjessicaaa,100
morganparker2121,100
h_c_tans,100
carsen.campbell,100
lien_units_store,100
jonboyzz,100
u.deal,100
duffypat5,100
easystore_resale,100
area51phantom,100
matrea53,100
revivdes_0,100
africanfashionsusa,100
xwin2016,100
2nd_chance_games,100
oxoamb_7,100
crownsys,100
brattytouya,100
formatechit2011,100
pelicanpawngardere,100
tburgess1314,100
chilcuautla,100
leonidku1971,100
abc_exchange_electronics,100
bigtrevs98-0,100
compbbb,100
dchs137godwin,100
justonejam,100
mountaingypsytrading,100
si-993716,100
darkwarriornewearth,100
reaiv45,100
tiako-61,100
fe-eddy,100
ojibwepride19703,100
grandreclamatormathias,100
silentjrm,100
nikovad777,100
asappawn,100
uklove1_1,100
sarbee65,100
michellmelce_0,100
pcatnysc_2014,100
cheymc49,100
getyourdankies,100
cmosman123,100
vitsvir-0,100
msmi6457,100
rahmanfootballjerseys,100
storage_vault,100
latechgeek,100
collegestudentsales-10,100
niklaudawso_0,100
gorgeelectronics,100
finerdata,100
six10shop,100
toospiffyshawty,100
stumpys_store,100
relectronicplus,100
naler61,100
been13,100
jonggoo74,100
jayjay1234,100
baytech101,100
jttnme,100
rinandstimpy,100
virinusa,100
columbiadevicerepair,100
junguti-53,100
dahbfamily,100
userk98_7,100
snafutech,100
chelle-92,100
d.pcrepair,100
bakersfieldce_0,100
cweindel,100
nanasstuff_81,100
mtd-deals,100
jayra_5541,100
jaecotl_0,100
t351a,100
ittechgarage,100
kaylmille180,100
lichil-9904,100
peakmop,100
gaspa_logistics,100
speedtester101,100
victo.mandu,100
vintageetal-merchandise,100
assteel,100
kobaryo-y0,100
dotrade2000,100
cj.t-mart,100
slansiquot,100
angryneutron,100
dwrinc,100
asstr_9725,100
bigwilly99,100
bhav2208,100
whatidesire,100
cmaire82,100
qetsijea0,100
healer!,100
mpmason872013,100
redlinedex500,100
cypwea-0,100
rc-luna,100
sekan95,100
computerritory,100
andrewbb89,100
alyssajuly19,100
buffalobillstressures,100
proudfirefighteremt,100
7nthangel,100
cartagena535,100
konokiretrotech,100
florida_online_deals,100
dp5672016,100
cmrexsr,100
bigtiny89,100
kdstoney,100
thetechsolutionsinc,100
jzmacdaddy,100
chelseallc,100
sbj1999,100
op_pc,100
miban-91,100
lois2010,100
theonlybubba,100
rostep6464,100
selec_3791,100
180gregory,100
xtonyvaughnx,100
safesale11,100
lulu123g,100
afeelbafe,100
mbsix310,100
bidhukishan,100
chyksolu0,100
getsmarticles,100
icontrasts,100
michaelramosgarcia,100
loeschd_wayland,100
primeshopspot,100
tech_liquidators45,100
rafhern67,100
two_dreamers,100
ryfern80,100
kimbehoppe,100
creative_collection,100
cyber_systems_australia,100
psanch214,100
emmacamp_51,100
sprouter777,100
tinybubbles09,100
kaisah_19,100
mrr236,100
quodaquilam,100
tic-tac2017_8,100
enbeeto,100
caho-4480,100
readysr,100
goddfirst,100
hitechcollections2010,100
malikusa,100
super-gene,100
jwim_llc,100
nogimiz,100
unclephil,100
hernan323,100
dgetechshack,100
naylo_30,100
techmatebusiness,100
trust2t,100
ruoro_9515,100
irvm66,100
carrien-840,100
gmtelcom1998,100
thorn.kob,100
medoukiha_0,100
nman-82,100
drb930,100
krystelle-store,100
jaadav8,100
natom1,100
alfredprint,100
rgar1720,100
chef950,100
jac835180,100
prosperity_2021,100
uglyguy,100
lindaandrandy0125,100
loganglancy,100
joanne_sangil0215,100
andsta-79,100
scottanmars0,100
xx_wu_hs_bs_xx,100
cimalikik,100
sheworkshar18,100
ivyac,100
plc_recycler,100
creatys_electronics,100
bobrepair617888,100
micro.restore,100
skv1971,100
jaspar5833,100
han.han.oi01n11sds,100
dajos-8056,100
1newbikergirl,100
thinkitrecycling,100
roadrash18603,100
tmarz12342013,100
timeless_sales,100
expertcomputers,100
fre_fj_e8ge0lzqye,100
ra_499905,100
the_byrd_513,100
loudean11,100
juledinard-0,100
jojolean,100
noco_upcycle,100
digital1computer,100
djp219,100
arcomput55,100
ozzy8711,100
alster8663,100
kjcmills1988,100
muhaqa4103,100
shakesrule,100
advantageservice7,100
mrtech.bench,100
omwf60,100
tragib-91,100
kegraus,100
kuhoopsfan,100
adriam00,100
karinegrinke,100
chwhe-96,100
jorgsilv-795,100
iq8450,100
mirn_gabal,100
rash_9298,100
jvs_goods,100
samedaycomputer,100
ssanchc8,100
flo-8426,100
jvizmanos81,100
bigtbone777,100
t.s.usa,100
dr.louay,100
mellinbros,100
weight185,100
chosenhorizons786,100
yahoo21!,100
techgadgetmart2013,100
sparkles1413,100
63stiray,100
mamende_5,100
beram-35,100
top5businesssolution,100
rezsohrab0,100
lucky_click,100
she721823,100
wsktloo4,100
devbem_8,100
micawrigh91,100
jcardoza82,100
ilush705,100
newgmpartsguy,100
gadgetseme_61,100
c.chem.eigxcy,100
collectorcurated,100
jtaesus,100
scpar_6635,100
meditechnology,100
ipartsgresham,100
cjczar2010,100
jesalm-7129,100
hitechmaine,100
littlelaptopshop,100
noamoll_0,100
prettyinpink247us,100
blacktigertechinc,100
oz.laptop,100
phonepartsny,100
cytomark2002,100
mendocinodreams,100
karrieh86,100
ajtechnologyca-1,100
retroworld35,100
509parts,100
sam_baylor,100
vanbar7510,100
pcrecyclingplanet,100
treglowncontractingllc,100
solsrv_dot_com,100
acidice333,100
sjamesd,100
eyeofthetiger1890,100
griddog1,100
micromasters2014,100
tayloretc,100
kaig_5,100
samdw01,100
farahtech2018,100
tedyschops,100
comsysdesign,100
dalb_da_egkecbzi,100
happygourds,100
geyser3451,100
pacificcoastal,100
jdmotorgear,100
adetayosafatob-0,100
spncrprkrr,100
ampud-0,100
italianfaye,100
joseph1mdz,100
nuclearcomputing,100
rf132,100
dafo-849540,100
essentialscentral,100
taeol-0,100
thomasgnash,100
laptops4reuse,100
kdthrock,100
vadim1985,100
anjanellhernande-0,100
bassfish-62,100
divinecodex,100
christianriderministry,100
computerdeals313,100
show2n-5,100
ca-outlet,100
turniptech,100
reallygr8finds,100
zhekabuha1234,100
garbr95,100
loocon_66,100
orphancomputers,100
kac461,100
ezsales15,100
lilrooster101,100
tradersole,100
kaaco_78,100
j.j.13,100
montys_store,100
compushack2003,100
alexga-7157,100
eortiz2024,100
buycomputerpartsandmore,100
anthony_devor,100
tactical_trade_master,100
it-a-profishop,100
blueydragon,100
zohairhirani2011,100
rymo3536,100
technoresquick,100
laptopoemparts,100
sacredoasis55,100
edonxyz,100
randall39,100
rickrud_0,100
legacylaptopsxp,100
fidec-67,100
sbran516,100
cryptid55555,100
